价格,姓名,翻译
￥441.64,A Light in the Attic,£51.77
￥458.45,Tipping the Velvet,£53.74
￥427.40,Soumission,£50.10
￥407.95,Sharp Objects,£47.82
￥462.63,Sapiens: A Brief History of Humankind,£54.23
￥193.22,The Requiem Red,£22.65
￥284.42,The Dirty Little Secrets of Getting Your Dream Job,£33.34
￥152.96,"The Coming Woman: A Novel Based on the Life of the Infamous Feminist, Victoria Woodhull",£17.93
￥192.80,The Boys in the Boat: Nine Americans and Their Epic Quest for Gold at the 1936 Berlin Olympics,£22.60
￥444.89,The Black Maria,£52.15
￥119.35,"Starving Hearts (Triangular Trade Trilogy, #1)",£13.99
￥176.25,Shakespeare's Sonnets,£20.66
￥148.95,Set Me Free,£17.46
￥446.08,Scott Pilgrim's Precious Little Life (Scott Pilgrim #1),£52.29
￥298.75,Rip it Up and Start Again,£35.02
￥488.39,"Our Band Could Be Your Life: Scenes from the American Indie Underground, 1981-1991",£57.25
￥203.72,Olio,£23.88
￥320.68,Mesaerion: The Best Science Fiction Stories 1800-1849,£37.59
￥437.89,Libertarianism for Beginners,£51.33
￥385.34,It's Only the Himalayas,£45.17
￥109.54,In Her Wake,£12.84
￥318.37,How Music Works,£37.32
￥260.36,"Foolproof Preserving: A Guide to Small Batch Jams, Jellies, Pickles, Condiments, and More: A Foolproof Guide to Making Small Batch Jams, Jellies, Pickles, Condiments, and More",£30.52
￥215.58,Chase Me (Paris Nights #2),£25.27
￥294.57,Black Dust,£34.53
￥466.13,Birdsong: A Story in Pictures,£54.64
￥191.95,America's Cradle of Quarterbacks: Western Pennsylvania's Football Factory from Johnny Unitas to Joe Montana,£22.50
￥453.25,Aladdin and His Wonderful Lamp,£53.13
￥343.80,Worlds Elsewhere: Journeys Around Shakespeare’s Globe,£40.30
￥376.90,Wall and Piece,£44.18
￥150.66,The Four Agreements: A Practical Guide to Personal Freedom,£17.66
￥264.88,The Five Love Languages: How to Express Heartfelt Commitment to Your Mate,£31.05
￥203.21,The Elephant Tree,£23.82
￥314.70,The Bear and the Piano,£36.89
￥135.98,Sophie's World,£15.94
￥283.99,Penny Maybe,£33.29
￥153.73,Maude (1883-1993):She Grew Up with the country,£18.02
￥167.46,"In a Dark, Dark Wood",£19.63
￥445.48,Behind Closed Doors,£52.22
￥286.89,You can't bury them all: Poems,£33.63
￥488.91,Slow States of Collapse: Poems,£57.31
￥225.30,Reasons to Stay Alive,£26.41
￥406.16,Private Paris (Private #10),£47.61
￥197.15,#HigherSelfie: Wake Up Your Life. Free Your Soul. Find Your Tribe.,£23.11
￥384.49,Without Borders (Wanderlove #1),£45.07
￥271.03,When We Collided,£31.77
￥428.85,"We Love You, Charlie Freeman",£50.27
￥121.74,Untitled Collection: Sabbath Poems 2014,£14.27
￥376.90,"Unseen City: The Majesty of Pigeons, the Discreet Charm of Snails & Other Wonders of the Urban Wilderness",£44.18
￥160.21,Unicorn Tracks,£18.78
￥217.71,"Unbound: How Eight Technologies Made Us Human, Transformed Society, and Brought Our World to the Brink",£25.52
￥138.88,Tsubasa: WoRLD CHRoNiCLE 2 (Tsubasa WoRLD CHRoNiCLE #2),£16.28
￥265.48,Throwing Rocks at the Google Bus: How Growth Became the Enemy of Prosperity,£31.12
￥166.27,This One Summer,£19.49
￥147.33,Thirst,£17.27
￥162.85,The Torch Is Passed: A Harding Family Story,£19.09
￥478.84,The Secret of Dreadwillow Carse,£56.13
￥481.23,"The Pioneer Woman Cooks: Dinnertime: Comfort Classics, Freezer Food, 16-Minute Meals, and Other Delicious Ways to Solve Supper!",£56.41
￥482.00,The Past Never Ends,£56.50
￥385.77,The Natural History of Us (The Fine Art of Pretending #2),£45.22
￥325.54,The Nameless City (The Nameless City #1),£38.16
￥461.61,The Murder That Never Was (Forensic Instincts #5),£54.11
￥366.49,The Most Perfect Thing: Inside (and Outside) a Bird's Egg,£42.96
￥203.80,"The Mindfulness and Acceptance Workbook for Anxiety: A Guide to Breaking Free from Anxiety, Phobias, and Worry Using Acceptance and Commitment Therapy",£23.89
￥143.06,The Life-Changing Magic of Tidying Up: The Japanese Art of Decluttering and Organizing,£16.77
￥175.65,"The Inefficiency Assassin: Time Management Tactics for Working Smarter, Not Longer",£20.59
￥316.75,The Gutsy Girl: Escapades for Your Life of Epic Adventure,£37.13
￥478.24,The Electric Pencil: Drawings from Inside State Hospital No. 3,£56.06
￥495.73,The Death of Humanity: and the Case for Life,£58.11
￥418.44,"The Bulletproof Diet: Lose up to a Pound a Day, Reclaim Energy and Focus, Upgrade Your Life",£49.05
￥347.72,The Art Forger,£40.76
￥168.31,The Age of Genius: The Seventeenth Century and the Birth of the Modern Mind,£19.73
￥275.04,The Activist's Tao Te Ching: Ancient Advice for a Modern Revolution,£32.24
￥356.85,Spark Joy: An Illustrated Master Class on the Art of Organizing and Tidying Up,£41.83
￥337.65,Soul Reader,£39.58
￥334.84,Security,£39.25
￥213.44,"Saga, Volume 6 (Saga (Collected Editions) #6)",£25.02
￥435.42,"Saga, Volume 5 (Saga (Collected Editions) #5)",£51.04
￥169.17,Reskilling America: Learning to Labor in the Twenty-First Century,£19.83
￥429.96,"Rat Queens, Vol. 3: Demons (Rat Queens (Collected Editions) #11-15)",£50.40
￥116.11,"Princess Jellyfish 2-in-1 Omnibus, Vol. 01 (Princess Jellyfish 2-in-1 Omnibus #1)",£13.61
￥113.80,Princess Between Worlds (Wide-Awake Princess #5),£13.34
￥161.83,"Pop Gun War, Volume 1: Gift",£18.97
￥309.50,"Political Suicide: Missteps, Peccadilloes, Bad Calls, Backroom Hijinx, Sordid Pasts, Rotten Breaks, and Just Plain Dumb Mistakes in the Annals of American Politics",£36.28
￥86.67,Patience,£10.16
￥131.72,"Outcast, Vol. 1: A Darkness Surrounds Him (Outcast #1)",£15.44
￥412.98,orange: The Complete Collection 1 (orange: The Complete Collection #1),£48.41
￥395.41,Online Marketing for Busy Authors: A Step-By-Step Guide,£46.35
￥120.03,On a Midnight Clear,£14.07
￥126.77,Obsidian (Lux #1),£14.86
￥284.68,My Paris Kitchen: Recipes and Stories,£33.37
￥481.14,Masks and Shadows,£56.40
￥119.60,"Mama Tried: Traditional Italian Cooking for the Screwed, Crude, Vegan, and Tattooed",£14.02
￥400.18,"Lumberjanes, Vol. 2: Friendship to the Max (Lumberjanes #5-8)",£46.91
￥389.09,"Lumberjanes, Vol. 1: Beware the Kitten Holy (Lumberjanes #1-4)",£45.61
￥169.94,Lumberjanes Vol. 3: A Terrible Plan (Lumberjanes #9-12),£19.92
￥342.17,"Layered: Baking, Building, and Styling Spectacular Cakes",£40.11
￥459.82,Judo: Seven Steps to Black Belt (an Introductory Guide for Beginners),£53.90
￥304.30,Join,£35.67
￥187.68,In the Country We Love: My Family Divided,£22.00
￥489.33,Immunity: How Elie Metchnikoff Changed the Course of Modern Medicine,£57.36
￥248.85,"I Hate Fairyland, Vol. 1: Madly Ever After (I Hate Fairyland (Compilations) #1-5)",£29.17
￥466.04,I am a Hero Omnibus Volume 1,£54.63
￥392.68,How to Be Miserable: 40 Strategies You Already Use,£46.03
￥289.79,Her Backup Boyfriend (The Sorensen Family #1),£33.97
￥188.62,"Giant Days, Vol. 2 (Giant Days #5-8)",£22.11
￥253.28,Forever and Forever: The Courtship of Henry Longfellow and Fanny Appleton,£29.69
￥136.24,First and First (Five Boroughs #3),£15.97
￥187.34,Fifty Shades Darker (Fifty Shades #2),£21.96
￥463.65,Everydata: The Misinformation Hidden in the Little Data You Consume Every Day,£54.35
￥323.92,"Don't Be a Jerk: And Other Practical Advice from Dogen, Japan's Greatest Zen Master",£37.97
￥443.52,Danganronpa Volume 1,£51.99
￥369.30,Crown of Midnight (Throne of Glass #2),£43.29
￥313.25,"Codename Baboushka, Volume 1: The Conclave of Death",£36.72
￥145.71,Camp Midnight,£17.08
￥248.59,Call the Nurse: True Stories of a Country Nurse on a Scottish Isle,£29.14
￥245.78,Burning,£28.81
￥421.94,Bossypants,£49.46
￥323.49,"Bitch Planet, Vol. 1: Extraordinary Machine (Bitch Planet (Collected Editions))",£37.92
￥239.63,"Avatar: The Last Airbender: Smoke and Shadow, Part 3 (Smoke and Shadow #3)",£28.09
￥262.84,Algorithms to Live By: The Computer Science of Human Decisions,£30.81
￥366.40,A World of Flavor: Your Gluten Free Passport,£42.95
￥484.21,"A Piece of Sky, a Grain of Rice: A Memoir in Four Meditations",£56.76
￥141.95,A Murder in Time,£16.64
￥473.72,A Flight of Arrows (The Pathfinders #2),£55.53
￥239.97,A Fierce and Subtle Poison,£28.13
￥446.76,A Court of Thorns and Roses (A Court of Thorns and Roses #1),£52.37
￥460.67,(Un)Qualified: How God Uses Broken People to Do Big Things,£54.00
￥186.57,You Are What You Love: The Spiritual Power of Habit,£21.87
￥369.39,"William Shakespeare's Star Wars: Verily, A New Hope (William Shakespeare's Star Wars #4)",£43.30
￥179.49,Tuesday Nights in 1980,£21.04
￥354.89,Tracing Numbers on a Train,£41.60
￥299.18,Throne of Glass (Throne of Glass #1),£35.07
￥508.78,Thomas Jefferson and the Tripoli Pirates: The Forgotten War That Changed American History,£59.64
￥449.75,Thirteen Reasons Why,£52.72
￥495.47,The White Cat and the Monk: A Retelling of the Poem “Pangur Bán”,£58.08
￥205.77,The Wedding Dress,£24.12
￥359.58,The Vacationers,£42.15
￥107.57,The Third Wave: An Entrepreneur’s Vision of the Future,£12.61
￥148.78,The Stranger,£17.44
￥282.71,The Shadow Hero (The Shadow Hero),£33.14
￥233.49,The Secret (The Secret #1),£27.37
￥438.15,The Regional Office Is Under Attack!,£51.36
￥307.11,The Psychopath Test: A Journey Through the Madness Industry,£36.00
￥90.85,The Project,£10.65
￥371.44,The Power of Now: A Guide to Spiritual Enlightenment,£43.54
￥325.97,The Omnivore's Dilemma: A Natural History of Four Meals,£38.21
￥318.54,The Nerdy Nummies Cookbook: Sweet Treats for the Geek in All of Us,£37.34
￥376.21,The Murder of Roger Ackroyd (Hercule Poirot #4),£44.10
￥369.30,The Mistake (Off-Campus #2),£43.29
￥476.45,The Matchmaker's Playbook (Wingmen Inc. #1),£55.85
￥320.76,The Love and Lemons Cookbook: An Apple-to-Zucchini Celebration of Impromptu Cooking,£37.60
￥93.58,The Long Shadow of Small Ghosts: Murder and Memory in an American City,£10.97
￥356.76,The Kite Runner,£41.82
￥315.22,The House by the Lake,£36.95
￥377.75,The Glittering Court (The Glittering Court #1),£44.28
￥469.37,The Girl on the Train,£55.02
￥147.07,The Genius of Birds,£17.24
￥197.49,The Emerald Mystery,£23.15
￥351.90,The Cookies & Cups Cookbook: 125+ sweet & savory recipes reminding you to Always Eat Dessert First,£41.25
￥272.99,The Bridge to Consciousness: I'm Writing the Bridge Between Science and Our Old and New Beliefs.,£32.00
￥328.35,The Artist's Way: A Spiritual Path to Higher Creativity,£38.49
￥284.42,The Art of War,£33.34
￥93.24,The Argonauts,£10.93
￥235.03,The 10% Entrepreneur: Live Your Startup Dream Without Quitting Your Day Job,£27.55
￥477.65,Suddenly in Love (Lake Haven #1),£55.99
￥138.54,Something More Than This,£16.24
￥222.83,Soft Apocalypse,£26.12
￥104.33,So You've Been Publicly Shamed,£12.23
￥204.66,Shoe Dog: A Memoir by the Creator of NIKE,£23.99
￥247.91,"Shobu Samurai, Project Aryoku (#3)",£29.06
￥172.92,Secrets and Lace (Fatal Hearts #1),£20.27
￥371.52,Scarlett Epstein Hates It Here,£43.55
￥315.13,Romero and Juliet: A Tragic Tale of Love and Zombies,£36.94
￥174.63,Redeeming Love,£20.47
￥350.28,Poses for Artists Volume 1 - Dynamic and Sitting Poses: An Essential Reference for Figure Drawing and the Human Form,£41.06
￥121.05,Poems That Make Grown Women Cry,£14.19
￥326.56,"Nightingale, Sing",£38.28
￥350.19,Night Sky with Exit Wounds,£41.05
￥258.06,Mrs. Houdini,£30.25
￥241.08,Modern Romance,£28.26
￥91.79,Miss Peregrine’s Home for Peculiar Children (Miss Peregrine’s Peculiar Children #1),£10.76
￥143.75,Louisa: The Extraordinary Life of Mrs. Adams,£16.85
￥114.91,Little Red,£13.47
￥414.26,Library of Souls (Miss Peregrine’s Peculiar Children #3),£48.56
￥163.37,Large Print Heart of the Pride,£19.15
￥489.33,I Had a Nice Time And Other Lies...: How to find love & sh*t like that,£57.36
￥366.66,Hollow City (Miss Peregrine’s Peculiar Children #2),£42.98
￥189.04,Grumbles,£22.16
￥421.68,Full Moon over Noah’s Ark: An Odyssey to Mount Ararat and Beyond,£49.43
￥255.84,Frostbite (Vampire Academy #2),£29.99
￥182.22,Follow You Home,£21.36
￥247.40,First Steps for New Christians (Print Edition),£29.00
￥456.66,Finders Keepers (Bill Hodges Trilogy #2),£53.53
￥355.06,"Fables, Vol. 1: Legends in Exile (Fables #1)",£41.62
￥465.70,Eureka Trivia 6.0,£54.59
￥298.15,Drive: The Surprising Truth About What Motivates Us,£34.95
￥321.79,Done Rubbed Out (Reightman & Bailey #1),£37.72
￥303.79,Doing It Over (Most Likely To #1),£35.61
￥359.66,"Deliciously Ella Every Day: Quick and Easy Recipes for Gluten-Free Snacks, Packed Lunches, and Simple Meals",£42.16
￥163.71,Dark Notes,£19.19
￥165.76,"Daring Greatly: How the Courage to Be Vulnerable Transforms the Way We Live, Love, Parent, and Lead",£19.43
￥421.94,Close to You,£49.46
￥322.47,Chasing Heaven: What Dying Taught Me About Living,£37.80
￥262.75,Big Magic: Creative Living Beyond Fear,£30.80
￥234.00,Becoming Wise: An Inquiry into the Mystery and Art of Living,£27.43
￥94.78,Beauty Restored (Riley Family Legacy Novellas #3),£11.11
￥311.38,Batman: The Long Halloween (Batman),£36.50
￥131.21,Batman: The Dark Knight Returns (Batman),£15.38
￥132.06,Ayumi's Violin,£15.48
￥399.42,Anonymous,£46.82
￥157.48,Amy Meets the Saints and Sages,£18.46
￥312.06,Amid the Chaos,£36.58
￥431.15,Amatus,£50.54
￥106.72,Agnostic: A Spirited Manifesto,£12.51
￥210.71,Zealot: The Life and Times of Jesus of Nazareth,£24.70
￥372.03,You (You #1),£43.61
￥318.54,"Wonder Woman: Earth One, Volume One (Wonder Woman: Earth One #1)",£37.34
￥122.50,Wild Swans,£14.36
￥449.15,Why the Right Went Wrong: Conservatism--From Goldwater to the Tea Party and Beyond,£52.65
￥325.88,Whole Lotta Creativity Going On: 60 Fun and Unusual Exercises to Awaken and Strengthen Your Creativity,£38.20
￥167.21,What's It Like in Space?: Stories from Astronauts Who've Been There,£19.60
￥459.82,"We Are Robin, Vol. 1: The Vigilante Business (We Are Robin #1)",£53.90
￥110.56,Walt Disney's Alice in Wonderland,£12.96
￥316.50,V for Vendetta (V for Vendetta Complete),£37.10
￥395.07,Until Friday Night (The Field Party #1),£46.31
￥391.99,"Unbroken: A World War II Story of Survival, Resilience, and Redemption",£45.95
￥188.36,Twenty Yawns,£22.08
￥216.51,Through the Woods,£25.38
￥231.36,This Is Where It Ends,£27.12
￥367.17,The Year of Magical Thinking,£43.04
￥484.56,The Wright Brothers,£56.80
￥221.04,The White Queen (The Cousins' War #1),£25.91
￥278.19,The Wedding Pact (The O'Malleys #2),£32.61
￥237.84,The Time Keeper,£27.88
￥449.32,The Testament of Mary,£52.67
￥392.59,The Star-Touched Queen,£46.02
￥379.45,The Songs of the Gods,£44.48
￥319.06,The Song of Achilles,£37.40
￥461.01,The Rosie Project (Don Tillman #1),£54.04
￥144.00,The Power of Habit: Why We Do What We Do in Life and Business,£16.88
￥239.55,The Marriage of Opposites,£28.08
￥88.72,The Lucifer Effect: Understanding How Good People Turn Evil,£10.40
￥375.96,The Long Haul (Diary of a Wimpy Kid #9),£44.07
￥199.62,The Loney,£23.40
￥148.69,The Literature Book (Big Ideas Simply Explained),£17.43
￥462.46,The Last Mile (Amos Decker #2),£54.21
￥346.95,The Immortal Life of Henrietta Lacks,£40.67
￥445.82,The Hidden Oracle (The Trials of Apollo #1),£52.26
￥245.43,The Help Yourself Cookbook for Kids: 60 Easy Plant-Based Recipes Kids Can Make to Stay Healthy and Save the Earth,£28.77
￥117.90,The Guilty (Will Robie #4),£13.82
￥220.52,The First Hostage (J.B. Collins #2),£25.85
￥416.14,The Dovekeepers,£48.78
￥301.57,The Darkest Lie,£35.35
￥381.59,The Bane Chronicles (The Bane Chronicles #1-11),£44.73
￥134.53,The Bad-Ass Librarians of Timbuktu: And Their Race to Save the World’s Most Precious Manuscripts,£15.77
￥334.75,The 14th Colony (Cotton Malone #11),£39.24
￥118.75,That Darkness (Gardiner and Renner #1),£13.92
￥91.20,Tastes Like Fear (DI Marnie Rome #3),£10.69
￥385.68,Take Me with You,£45.21
￥388.84,Swell: A Year of Waves,£45.58
￥101.43,Superman Vol. 1: Before Truth (Superman by Gene Luen Yang #1),£11.89
￥225.30,Still Life with Bread Crumbs,£26.41
￥336.97,Steve Jobs,£39.50
￥381.67,Sorting the Beef from the Bull: The Science of Food Fraud Forensics,£44.74
￥450.35,Someone Like You (The Harrisons #2),£52.79
￥302.25,"So Cute It Hurts!!, Vol. 6 (So Cute It Hurts!! #6)",£35.43
￥476.37,Shtum,£55.84
￥416.91,See America: A Celebration of Our National Parks & Treasured Sites,£48.87
￥399.08,salt.,£46.78
￥407.95,Robin War,£47.82
￥217.37,"Red Hood/Arsenal, Vol. 1: Open for Business (Red Hood/Arsenal #1)",£25.48
￥201.07,Rain Fish,£23.57
￥434.14,"Quarter Life Poetry: Poems for the Young, Broke and Hangry",£50.89
￥90.09,Pet Sematary,£10.56
￥444.89,"Overload: How to Unplug, Unwind, and Unleash Yourself from the Pressure of Stress",£52.15
￥155.94,Once Was a Time,£18.28
￥100.92,Old School (Diary of a Wimpy Kid #10),£11.83
￥187.25,No Dream Is Too High: Life Lessons From a Man Who Walked on the Moon,£21.95
￥327.50,"Naruto (3-in-1 Edition), Vol. 14: Includes Vols. 40, 41 & 42 (Naruto: Omnibus #14)",£38.39
￥354.54,My Name Is Lucy Barton,£41.56
￥208.84,My Mrs. Brown,£24.48
￥344.31,My Kind of Crazy,£40.36
￥246.54,Mr. Mercedes (Bill Hodges Trilogy #1),£28.90
￥320.85,More Than Music (Chasing the Dream #1),£37.61
￥331.43,Made to Stick: Why Some Ideas Survive and Others Die,£38.85
￥460.24,Luis Paints the World,£53.95
￥425.09,Luckiest Girl Alive,£49.83
￥439.43,Lowriders to the Center of the Earth (Lowriders in Space #2),£51.51
￥153.81,Love Is a Mix Tape (Music #1),£18.03
￥248.59,Looking for Lovely: Collecting the Moments that Matter,£29.14
￥400.18,"Living Leadership by Insight: A Good Leader Achieves, a Great Leader Builds Monuments",£46.91
￥228.54,Let It Out: A Journey Through Journaling,£26.79
￥138.88,Lady Midnight (The Dark Artifices #1),£16.28
￥166.78,"It's All Easy: Healthy, Delicious Weeknight Meals in under 30 Minutes",£19.55
￥252.94,Island of Dragons (Unwanteds #7),£29.65
￥221.63,I Know What I'm Doing -- and Other Lies I Tell Myself: Dispatches from a Life Under Construction,£25.98
￥90.43,I Am Pilgrim (Pilgrim #1),£10.60
￥125.83,"Hyperbole and a Half: Unfortunate Situations, Flawed Coping Mechanisms, Mayhem, and Other Things That Happened",£14.75
￥401.12,"Hush, Hush (Hush, Hush #1)",£47.02
￥245.86,Hold Your Breath (Search and Rescue #1),£28.82
￥501.53,Hamilton: The Revolution,£58.79
￥87.27,Greek Mythic History,£10.23
￥256.18,God: The Most Unpleasant Character in All Fiction,£30.03
￥391.06,Glory over Everything: Beyond The Kitchen House,£45.84
￥418.44,Feathers: Displays of Brilliant Plumage,£49.05
￥128.48,"Far & Away: Places on the Brink of Change: Seven Continents, Twenty-Five Years",£15.06
￥396.43,Every Last Word,£46.47
￥231.10,Eligible (The Austen Project #4),£27.09
￥491.55,El Deafo,£57.62
￥122.76,Eight Hundred Grapes,£14.39
￥441.47,"Eaternity: More than 150 Deliciously Easy Vegan Recipes for a Long, Healthy, Satisfied, Joyful Life",£51.75
￥461.27,"Eat Fat, Get Thin",£54.07
￥472.19,Don't Get Caught,£55.35
￥342.26,Doctor Sleep (The Shining #2),£40.12
￥319.99,Demigods & Magicians: Percy and Annabeth Meet the Kanes (Percy Jackson & Kane Chronicles Crossover #1-3),£37.51
￥95.63,Dear Mr. Knightley,£11.21
￥312.06,Daily Fantasy Sports,£36.58
￥407.09,Crazy Love: Overwhelmed by a Relentless God,£47.72
￥213.36,Cometh the Hour (The Clifton Chronicles #6),£25.01
￥188.79,Code Name Verity (Code Name Verity #1),£22.13
￥376.55,Clockwork Angel (The Infernal Devices #1),£44.14
￥477.90,City of Glass (The Mortal Instruments #3),£56.02
￥95.80,City of Fallen Angels (The Mortal Instruments #4),£11.23
￥369.22,City of Bones (The Mortal Instruments #1),£43.28
￥403.26,City of Ashes (The Mortal Instruments #2),£47.27
￥173.09,Cell,£20.29
￥433.63,Catching Jordan (Hundred Oaks),£50.83
￥271.71,"Carry On, Warrior: Thoughts on Life Unarmed",£31.85
￥394.38,Carrie,£46.23
￥322.47,Buying In: The Secret Dialogue Between What We Buy and Who We Are,£37.80
￥420.74,Brain on Fire: My Month of Madness,£49.32
￥273.07,Batman: Europa,£32.01
￥238.95,Barefoot Contessa Back to Basics,£28.01
￥431.83,Barefoot Contessa at Home: Everyday Recipes You'll Make Over and Over Again,£50.62
￥145.28,Balloon Animals,£17.03
￥416.31,Art Ops Vol. 1,£48.80
￥495.99,Aristotle and Dante Discover the Secrets of the Universe (Aristotle and Dante Discover the Secrets of the Universe #1),£58.14
￥291.76,Angels Walking (Angels Walking #1),£34.20
￥439.17,Angels & Demons (Robert Langdon #1),£51.48
￥254.82,All the Light We Cannot See,£29.87
￥92.99,"Adulthood Is a Myth: A ""Sarah's Scribbles"" Collection",£10.90
￥480.89,Abstract City,£56.37
￥412.47,A Time of Torment (Charlie Parker #14),£48.35
￥142.72,A Study in Scarlet (Sherlock Holmes #1),£16.73
￥481.83,"A Series of Catastrophes and Miracles: A True Story of Love, Science, and Cancer",£56.48
￥347.98,A People's History of the United States,£40.79
￥338.85,A Man Called Ove,£39.72
￥124.38,A Distant Mirror: The Calamitous 14th Century,£14.58
￥473.55,A Brush of Wings (Angels Walking #3),£55.51
￥185.97,1491: New Revelations of the Americas Before Columbus,£21.80
￥113.72,"The Three Searches, Meaning, and the Story",£13.33
￥330.40,Searching for Meaning in Gailana,£38.73
￥322.98,Rook,£37.86
￥98.36,My Kitchen Year: 136 Recipes That Saved My Life,£11.53
￥230.85,13 Hours: The Inside Account of What Really Happened In Benghazi,£27.06
￥118.24,Will You Won't You Want Me?,£13.86
￥320.34,Tipping Point for Planet Earth: How Close Are We to the Edge?,£37.55
￥394.90,The Silent Sister (Riley MacPherson #1),£46.29
￥223.51,The Midnight Watch: A Novel of the Titanic and the Californian,£26.20
￥283.74,The Lonely City: Adventures in the Art of Being Alone,£33.26
￥504.60,The Gray Rhino: How to Recognize and Act on the Obvious Dangers We Ignore,£59.15
￥336.37,The Golden Condom: And Other Essays on Love Lost and Found,£39.43
￥123.19,The Epidemic (The Program 0.6),£14.44
￥482.34,The Dinner Party,£56.54
￥511.00,The Diary of a Young Girl,£59.90
￥101.35,The Children,£11.88
￥409.91,Stars Above (The Lunar Chronicles #4.5),£48.05
￥180.94,Snatched: How A Drug Queen Went Undercover for the DEA and Was Kidnapped By Colombian Guerillas,£21.21
￥423.73,Raspberry Pi Electronics Projects for the Evil Genius,£49.67
￥368.02,Quench Your Own Thirst: Business Lessons Learned Over a Beer or Two,£43.14
￥315.39,Psycho: Sanitarium (Psycho #1.5),£36.97
￥228.63,Poisonous (Max Revere Novels #3),£26.80
￥134.02,One with You (Crossfire #5),£15.71
￥466.21,No Love Allowed (Dodge Cove #1),£54.65
￥463.74,Murder at the 42nd Street Library (Raymond Ambler #1),£54.36
￥300.97,Most Wanted,£35.28
￥175.31,"Love, Lies and Spies",£20.55
￥497.52,How to Speak Golf: An Illustrated Guide to Links Lingo,£58.32
￥101.01,Hide Away (Eve Duncan #20),£11.84
￥353.69,Furiously Happy: A Funny Book About Horrible Things,£41.46
￥171.47,Everyday Italian: 125 Simple and Delicious Recipes,£20.10
￥485.07,Equal Is Unfair: America's Misguided Fight Against Income Inequality,£56.86
￥482.08,Eleanor & Park,£56.51
￥348.32,Dirty (Dive Bar #1),£40.83
￥414.94,Can You Keep a Secret? (Fear Street Relaunch #4),£48.64
￥507.42,Boar Island (Anna Pigeon #19),£59.48
￥332.79,A Paris Apartment,£39.01
￥330.74,"A la Mode: 120 Recipes in 60 Pairings: Pies, Tarts, Cakes, Crisps, and More Topped with Ice Cream, Gelato, Frozen Custard, and More",£38.77
￥412.81,Troublemaker: Surviving Hollywood and Scientology,£48.39
￥232.55,The Widow,£27.26
￥99.64,"The Sleep Revolution: Transforming Your Life, One Night at a Time",£11.68
￥507.16,The Improbability of Love,£59.45
￥179.15,The Art of Startup Fundraising,£21.00
￥460.50,Take Me Home Tonight (Rock Star Romance #3),£53.98
￥415.80,Sleeping Giants (Themis Files #1),£48.74
￥180.43,"Setting the World on Fire: The Brief, Astonishing Life of St. Catherine of Siena",£21.15
￥116.96,Playing with Fire,£13.71
￥406.67,Off the Hook (Fishing for Trouble #1),£47.67
￥113.80,Mothering Sunday,£13.34
￥144.09,"Mother, Can You Not?",£16.89
￥231.87,M Train,£27.18
￥147.41,Lilac Girls,£17.28
￥385.08,Lies and Other Acts of Love,£45.14
￥348.49,Lab Girl,£40.85
￥174.54,Keep Me Posted,£20.46
￥480.03,It Didn't Start with You: How Inherited Family Trauma Shapes Who We Are and How to End the Cycle,£56.27
￥413.66,Grey (Fifty Shades #4),£48.49
￥437.98,"Exit, Pursued by a Bear",£51.34
￥139.39,Daredevils,£16.34
￥174.88,Cravings: Recipes for What You Want to Eat,£20.50
￥184.18,Born for This: How to Find the Work You Were Meant to Do,£21.59
￥182.22,Arena,£21.36
￥178.13,Adultery,£20.88
￥166.61,A Mother's Reckoning: Living in the Aftermath of Tragedy,£19.53
￥125.83,A Gentleman's Position (Society of Gentlemen #3),£14.75
￥413.58,11/22/63,£48.48
￥209.60,"10% Happier: How I Tamed the Voice in My Head, Reduced Stress Without Losing My Edge, and Found Self-Help That Actually Works",£24.57
￥424.07,10-Day Green Smoothie Cleanse: Lose Up to 15 Pounds in 10 Days!,£49.71
￥411.79,Without Shame,£48.27
￥495.22,Watchmen,£58.05
￥502.21,Unlimited Intuition Now,£58.87
￥100.84,Underlying Notes,£11.82
￥239.12,The Shack,£28.03
￥375.79,The New Brand You: Your New Image Makes the Sale for You,£44.05
￥105.27,"The Moosewood Cookbook: Recipes from Moosewood Restaurant, Ithaca, New York",£12.34
￥142.30,The Flowers Lied,£16.68
￥476.96,"The Fabric of the Cosmos: Space, Time, and the Texture of Reality",£55.91
￥209.60,The Book of Mormon,£24.57
￥451.97,The Art and Science of Low Carbohydrate Living,£52.98
￥464.08,The Alien Club,£54.40
￥467.58,Suzie Snowflake: One beautiful flake (a self-esteem story),£54.81
￥213.95,Nap-a-Roo,£25.08
￥88.81,"NaNo What Now? Finding your editing process, revising your NaNoWriMo book and building a writing career through publishing and beyond",£10.41
￥404.71,Modern Day Fables,£47.44
￥178.38,If I Gave You God's Phone Number....: Searching for Spirituality in America,£20.91
￥289.62,"Fruits Basket, Vol. 9 (Fruits Basket #9)",£33.95
￥372.63,Dress Your Family in Corduroy and Denim,£43.68
￥283.48,Don't Forget Steven,£33.23
￥306.43,Chernobyl 01:23:40: The Incredible True Story of the World's Worst Nuclear Disaster,£35.92
￥414.86,Art and Fear: Observations on the Perils (and Rewards) of Artmaking,£48.63
￥483.10,A Shard of Ice (The Black Symphony Saga #1),£56.63
￥430.73,A Hero's Curse (The Unseen Chronicles #1),£50.49
￥305.32,23 Degrees South: A Tropical Tale of Changing Whether...,£35.79
￥290.56,"Zero to One: Notes on Startups, or How to Build the Future",£34.06
￥151.51,Why Not Me?,£17.76
￥335.78,When Breath Becomes Air,£39.36
￥315.13,Vagabonding: An Uncommon Guide to the Art of Long-Term World Travel,£36.94
￥372.12,The Unlikely Pilgrimage of Harold Fry (Harold Fry #1),£43.62
￥367.00,The New Drawing on the Right Side of the Brain,£43.02
￥242.70,"The Midnight Assassin: Panic, Scandal, and the Hunt for America's First Serial Killer",£28.45
￥353.09,The Martian (The Martian #1),£41.39
￥436.36,The High Mountains of Portugal,£51.15
￥306.09,The Grownup,£35.88
￥314.88,The E-Myth Revisited: Why Most Small Businesses Don't Work and What to Do About It,£36.91
￥246.80,South of Sunshine,£28.93
￥331.77,Smarter Faster Better: The Secrets of Being Productive in Life and Business,£38.89
￥497.61,Silence in the Dark (Logan Point #4),£58.33
￥338.42,Shadows of the Past (Logan Point #1),£39.67
￥120.29,Roller Girl,£14.10
￥186.14,Rising Strong,£21.82
￥462.46,Proofs of God: Classical Arguments from Tertullian to Barth,£54.21
￥266.08,Please Kill Me: The Uncensored Oral History of Punk,£31.19
￥457.60,Out of Print: City Lights Spotlight No. 14,£53.64
￥310.44,My Life Next Door (My Life Next Door ),£36.39
￥499.40,Miller's Valley,£58.54
￥251.49,Man's Search for Meaning,£29.48
￥213.78,"Love That Boy: What Two Presidents, Eight Road Trips, and My Son Taught Me About a Parent's Expectations",£25.06
￥107.06,Living Forward: A Proven Plan to Stop Drifting and Get the Life You Want,£12.55
￥247.74,Les Fleurs du Mal,£29.04
￥347.38,Left Behind (Left Behind #1),£40.72
￥384.32,Kill 'Em and Leave: Searching for James Brown and the American Soul,£45.05
￥402.06,Kierkegaard: A Christian Missionary to Christians,£47.13
￥172.49,John Vassos: Industrial Design for Modern Life,£20.22
￥481.83,I'll Give You the Sun,£56.48
￥377.15,I Will Find You,£44.21
￥187.34,Hystopia: A Novel,£21.96
￥345.07,Howl and Other Poems,£40.45
￥87.78,History of Beauty,£10.29
￥450.94,Heaven is for Real: A Little Boy's Astounding Story of His Trip to Heaven and Back,£52.86
￥474.74,Future Shock (Future Shock #1),£55.65
￥372.29,Ender's Game (The Ender Quintet #1),£43.64
￥242.36,Diary of a Citizen Scientist: Chasing Tiger Beetles and Other New Ways of Engaging the World,£28.41
￥319.99,Death by Leisure: A Cautionary Tale,£37.51
￥97.68,Brilliant Beacons: A History of the American Lighthouse,£11.45
￥163.96,Brazen: The Courage to Find the You That's Been Hiding,£19.22
￥485.49,Between the World and Me,£56.91
￥469.71,Being Mortal: Medicine and What Matters in the End,£55.06
￥112.61,"A Murder Over a Girl: Justice, Gender, Junior High",£13.20
￥457.51,32 Yolks,£53.63
￥379.45,"""Most Blessed of the Patriarchs"": Thomas Jefferson and the Empire of the Imagination",£44.48
￥103.05,You Are a Badass: How to Stop Doubting Your Greatness and Start Living an Awesome Life,£12.08
￥188.87,Wildlife of New York: A Five-Borough Coloring Book,£22.14
￥216.43,What Happened on Beale Street (Secrets of the South Mysteries #2),£25.37
￥395.24,Unreasonable Hope: Finding Faith in the God Who Brings Purpose to Your Pain,£46.33
￥318.46,Under the Tuscan Sun,£37.33
￥217.96,Toddlers Are A**holes: It's Not Your Fault,£25.55
￥296.19,The Year of Living Biblically: One Man's Humble Quest to Follow the Bible as Literally as Possible,£34.72
￥306.77,The Whale,£35.96
￥350.96,The Story of Art,£41.14
￥85.39,The Origin of Species,£10.01
￥307.54,The Great Gatsby,£36.05
￥418.27,The Good Girl,£49.03
￥138.54,The Glass Castle,£16.24
￥337.40,The Faith of Christopher Hitchens: The Restless Soul of the World's Most Notorious Atheist,£39.55
￥304.30,The Drowning Girls,£35.67
￥141.78,The Constant Princess (The Tudor Court #1),£16.62
￥364.95,The Bourne Identity (Jason Bourne #1),£42.78
￥446.17,The Bachelor Girl's Guide to Murder (Herringford and Watts Mysteries #1),£52.30
￥275.89,The Art Book,£32.34
￥282.97,The 7 Habits of Highly Effective People: Powerful Lessons in Personal Change,£33.17
￥171.64,Team of Rivals: The Political Genius of Abraham Lincoln,£20.12
￥178.30,Steal Like an Artist: 10 Things Nobody Told You About Being Creative,£20.90
￥178.30,"Sit, Stay, Love",£20.90
￥342.94,Sister Dear,£40.20
￥451.03,"Shrunken Treasures: Literary Classics, Short, Sweet, and Silly",£52.87
￥441.39,"Rich Dad, Poor Dad",£51.74
￥293.55,Raymie Nightingale,£34.41
￥276.23,Playing from the Heart,£32.38
￥429.53,Nightstruck: A Novel,£50.35
￥97.08,"Naturally Lean: 125 Nourishing Gluten-Free, Plant-Based Recipes--All Under 300 Calories",£11.38
￥371.78,Meternity,£43.58
￥423.73,Memoirs of a Geisha,£49.67
￥245.43,Like Never Before (Walker Family #2),£28.77
￥112.78,Life of Pi,£13.22
￥436.53,Leave This Song Behind: Teen Poetry at Its Best,£51.17
￥337.91,King's Folly (The Kinsman Chronicles #1),£39.61
￥489.93,John Adams,£57.43
￥392.51,How to Cook Everything Vegetarian: Simple Meatless Recipes for Great Food (How to Cook Everything),£46.01
￥241.00,How to Be a Domestic Goddess: Baking and the Art of Comfort Cooking,£28.25
￥316.07,Good in Bed (Cannie Shapiro #1),£37.05
￥166.95,"Fruits Basket, Vol. 7 (Fruits Basket #7)",£19.57
￥385.00,For the Love: Fighting for Grace in a World of Impossible Standards,£45.13
￥397.88,Finding God in the Ruins: How God Redeems Pain,£46.64
￥103.74,Every Heart a Doorway (Every Heart A Doorway #1),£12.16
￥178.21,Delivering the Truth (Quaker Midwife Mystery #1),£20.89
￥153.30,Counted With the Stars (Out from Egypt #1),£17.97
￥448.73,"Chronicles, Vol. 1",£52.60
￥219.84,Blue Like Jazz: Nonreligious Thoughts on Christian Spirituality,£25.77
￥411.10,Benjamin Franklin: An American Life,£48.19
￥255.33,"At The Existentialist Café: Freedom, Being, and apricot cocktails with: Jean-Paul Sartre, Simone de Beauvoir, Albert Camus, Martin Heidegger, Edmund Husserl, Karl Jaspers, Maurice Merleau-Ponty and others",£29.93
￥378.26,A Summer In Europe,£44.34
￥447.02,A Short History of Nearly Everything,£52.40
￥382.27,A Gathering of Shadows (Shades of Magic #2),£44.81
￥493.43,The Sound Of Love,£57.84
￥338.42,The Rise and Fall of the Third Reich: A History of Nazi Germany,£39.67
￥469.37,The Perks of Being a Wallflower,£55.02
￥211.57,The Mysterious Affair at Styles (Hercule Poirot #1),£24.80
￥507.16,The Man Who Mistook His Wife for a Hat and Other Clinical Tales,£59.45
￥269.41,The Makings of a Fatherless Child,£31.58
￥369.13,The Joy of Cooking,£43.27
￥318.54,The Invention of Wings,£37.34
￥151.85,The Hobbit (Middle-Earth Universe),£17.80
￥260.53,The Great Railway Bazaar,£30.54
￥160.12,The Golden Compass (His Dark Materials #1),£18.77
￥399.67,The God Delusion,£46.85
￥134.70,The Girl You Left Behind (The Girl You Left Behind #1),£15.79
￥87.61,The Fellowship of the Ring (The Lord of the Rings #1),£10.27
￥131.55,The Collected Poems of W.B. Yeats (The Collected Works of W.B. Yeats #1),£15.42
￥511.17,The Barefoot Contessa Cookbook,£59.92
￥434.73,Tell the Wolves I'm Home,£50.96
￥261.05,Ship Leaves Harbor: Essays on Travel by a Recovering Journeyman,£30.60
￥164.39,Pride and Prejudice,£19.27
￥397.37,Musicophilia: Tales of Music and the Brain,£46.58
￥413.83,Mere Christianity,£48.51
￥162.26,Me Before You (Me Before You #1),£19.02
￥327.42,In the Woods (Dublin Murder Squad #1),£38.38
￥426.37,In Cold Blood,£49.98
￥396.60,How to Stop Worrying and Start Living,£46.49
￥156.29,Give It Back,£18.32
￥359.49,"Girl, Interrupted",£42.14
￥482.76,Fun Home: A Family Tragicomic,£56.59
￥178.81,"Fruits Basket, Vol. 6 (Fruits Basket #6)",£20.96
￥343.97,Deception Point,£40.32
￥310.44,"Death Note, Vol. 6: Give-and-Take (Death Note #6)",£36.39
￥499.48,Catherine the Great: Portrait of a Woman,£58.55
￥337.91,Better Homes and Gardens New Cook Book,£39.61
￥181.71,An Unquiet Mind: A Memoir of Moods and Madness,£21.30
￥485.24,A Year in Provence (Provence #1),£56.88
￥281.26,World Without End (The Pillars of the Earth #2),£32.97
￥403.60,"Will Grayson, Will Grayson (Will Grayson, Will Grayson)",£47.31
￥415.20,Why Save the Bankers?: And Other Essays on Our Economic and Political Crisis,£48.67
￥355.99,Where She Went (If I Stay #2),£41.73
￥457.94,What If?: Serious Scientific Answers to Absurd Hypothetical Questions,£53.68
￥124.89,Two Summers,£14.64
￥327.59,This Is Your Brain on Music: The Science of a Human Obsession,£38.40
￥128.65,The Secret Garden,£15.08
￥260.79,The Raven King (The Raven Cycle #4),£30.57
￥492.57,The Raven Boys (The Raven Cycle #1),£57.74
￥94.27,The Power Greens Cookbook: 140 Delicious Superfood Recipes,£11.05
￥243.81,The Metamorphosis,£28.58
￥366.06,The Mathews Men: Seven Brothers and the War Against Hitler's U-boats,£42.91
￥210.97,The Little Paris Bookshop,£24.73
￥476.96,The Hiding Place,£55.91
￥117.39,The Grand Design,£13.76
￥388.67,The Firm,£45.56
￥402.83,The Fault in Our Stars,£47.22
￥477.73,The False Prince (The Ascendance Trilogy #1),£56.00
￥380.31,The Expatriates,£44.58
￥294.32,The Dream Thieves (The Raven Cycle #2),£34.50
￥96.66,The Darkest Corners,£11.33
￥330.74,The Crossover,£38.77
￥100.92,The 5th Wave (The 5th Wave #1),£11.83
￥388.24,Tell the Wind and Fire,£45.51
￥356.68,Tell Me Three Things,£41.81
￥214.55,Talking to Girls About Duran Duran: One Young Man's Quest for True Love and a Cooler Haircut,£25.15
￥291.93,Siddhartha,£34.22
￥138.46,Shiver (The Wolves of Mercy Falls #1),£16.23
￥97.93,Remember Me?,£11.48
￥199.37,Red Dragon (Hannibal Lecter #1),£23.37
￥138.88,Peak: Secrets from the New Science of Expertise,£16.28
￥269.83,My Mother Was Nuts,£31.63
￥212.50,Mexican Today: New and Rediscovered Recipes for Contemporary Kitchens,£24.91
￥192.29,Maybe Something Beautiful: How Art Transformed a Neighborhood,£22.54
￥201.59,Lola and the Boy Next Door (Anna and the French Kiss #2),£23.63
￥111.93,Logan Kade (Fallen Crest High #5.5),£13.12
￥511.68,Last One Home (New Beginnings #1),£59.98
￥268.64,Killing Floor (Jack Reacher #1),£31.49
￥132.40,Kill the Boy Band,£15.52
￥410.59,Isla and the Happily Ever After (Anna and the French Kiss #3),£48.13
￥325.28,If I Stay (If I Stay #1),£38.13
￥311.80,I Know Why the Caged Bird Sings (Maya Angelou's Autobiography #1),£36.55
￥198.94,Harry Potter and the Deathly Hallows (Harry Potter #7),£23.32
￥139.31,"Fruits Basket, Vol. 5 (Fruits Basket #5)",£16.33
￥276.57,Foundation (Foundation (Publication Order) #1),£32.42
￥144.68,Fool Me Once,£16.96
￥190.84,Find Her (Detective D.D. Warren #8),£22.37
￥360.60,Evicted: Poverty and Profit in the American City,£42.27
￥330.15,Drama,£38.70
￥303.96,Dracula the Un-Dead,£35.63
￥494.79,Digital Fortress,£58.00
￥447.10,"Death Note, Vol. 5: Whiteout (Death Note #5)",£52.41
￥275.97,"Data, A Love Story: How I Gamed Online Dating to Meet My Match",£32.35
￥177.02,Critique of Pure Reason,£20.75
￥149.21,Booked,£17.49
￥291.16,"Blue Lily, Lily Blue (The Raven Cycle #3)",£34.13
￥501.70,Approval Junkie: Adventures in Caring Too Much,£58.81
￥85.31,An Abundance of Katherines,£10.00
￥436.95,America's War for the Greater Middle East: A Military History,£51.22
￥499.83,Alight (The Generations Trilogy #2),£58.59
￥267.02,A Girl's Guide to Moving On (New Beginnings #2),£31.30
￥396.00,A Game of Thrones (A Song of Ice and Fire #1),£46.42
￥146.82,A Feast for Crows (A Song of Ice and Fire #4),£17.21
￥92.05,A Clash of Kings (A Song of Ice and Fire #2),£10.79
￥446.59,Vogue Colors A to Z: A Fashion Coloring Book,£52.35
￥237.84,The Shining (The Shining #1),£27.88
￥428.76,The Pilgrim's Progress,£50.26
￥511.77,The Perfect Play (Play by Play #1),£59.99
￥241.60,The Passion of Dolssa,£28.32
￥330.23,The Jazz of Physics: The Secret Link Between Music and the Structure of the Universe,£38.71
￥254.65,The Hunger Games (The Hunger Games #1),£29.85
￥126.43,The Hound of the Baskervilles (Sherlock Holmes #5),£14.82
￥143.40,The Gunning of America: Business and the Making of American Gun Culture,£16.81
￥240.83,The Geography of Bliss: One Grump's Search for the Happiest Places in the World,£28.23
￥444.55,The Demonists (Demonist #1),£52.11
￥237.84,"The Demon Prince of Momochi House, Vol. 4 (The Demon Prince of Momochi House #4)",£27.88
￥509.38,The Bone Hunters (Lexy Vaughan & Steven Macaulay #2),£59.71
￥393.10,The Beast (Black Dagger Brotherhood #14),£46.08
￥117.13,Some Women,£13.73
￥412.81,Shopaholic Ties the Knot (Shopaholic #3),£48.39
￥421.85,Paper and Fire (The Great Library #2),£49.45
￥167.80,Outlander (Outlander #1),£19.67
￥105.44,"Orchestra of Exiles: The Story of Bronislaw Huberman, the Israel Philharmonic, and the One Thousand Jews He Saved from Nazi Horrors",£12.36
￥170.79,No One Here Gets Out Alive,£20.02
￥108.77,Night Shift (Night Shift #1-20),£12.75
￥405.30,Needful Things,£47.51
￥174.37,Mockingjay (The Hunger Games #3),£20.44
￥296.79,Misery,£34.79
￥239.46,Little Women (Little Women #1),£28.07
￥213.36,It,£25.01
￥118.58,Harry Potter and the Sorcerer's Stone (Harry Potter #1),£13.90
￥206.19,Harry Potter and the Prisoner of Azkaban (Harry Potter #3),£24.17
￥269.83,Harry Potter and the Order of the Phoenix (Harry Potter #5),£31.63
￥415.88,Harry Potter and the Half-Blood Prince (Harry Potter #6),£48.75
￥125.75,Harry Potter and the Chamber of Secrets (Harry Potter #2),£14.74
￥277.17,Gone with the Wind,£32.49
￥237.16,God Is Not Great: How Religion Poisons Everything,£27.80
￥228.37,Girl With a Pearl Earring,£26.77
￥430.30,"Fruits Basket, Vol. 4 (Fruits Basket #4)",£50.44
￥297.98,Far From True (Promise Falls Trilogy #2),£34.93
￥109.79,Dark Lover (Black Dagger Brotherhood #1),£12.87
￥417.50,Confessions of a Shopaholic (Shopaholic #1),£48.94
￥114.14,Changing the Game (Play by Play #2),£13.38
￥500.17,Candide,£58.63
￥187.17,Can You Keep a Secret?,£21.94
￥226.75,Atlas Shrugged,£26.58
￥488.14,Animal Farm,£57.22
￥481.40,A Walk to Remember,£56.43
￥474.74,A New Earth: Awakening to Your Life's Purpose,£55.65
￥235.62,"A History of God: The 4,000-Year Quest of Judaism, Christianity, and Islam",£27.62
￥422.79,'Salem's Lot,£49.56
￥296.62,Zero History (Blue Ant #3),£34.77
￥151.25,Wuthering Heights,£17.73
￥185.97,World War Z: An Oral History of the Zombie War,£21.80
￥392.59,Wild: From Lost to Found on the Pacific Crest Trail,£46.02
￥154.67,"Where'd You Go, Bernadette",£18.13
￥263.52,When You Are Engulfed in Flames,£30.89
￥272.56,We the People: The Modern-Day Figures Who Have Reshaped and Affirmed the Founding Fathers' Vision of America,£31.95
￥205.08,We Are All Completely Beside Ourselves,£24.04
￥276.06,Walk the Edge (Thunder Road #2),£32.36
￥179.75,Voyager (Outlander #3),£21.07
￥432.18,Very Good Lives: The Fringe Benefits of Failure and the Importance of Imagination,£50.66
￥116.53,Vegan Vegetarian Omnivore: Dinner for Everyone at the Table,£13.66
￥495.56,"Unstuffed: Decluttering Your Home, Mind, and Soul",£58.09
￥255.93,Under the Banner of Heaven: A Story of Violent Faith,£30.00
￥279.30,Two Boys Kissing,£32.74
￥357.70,Twilight (Twilight #1),£41.93
￥365.12,Twenties Girl,£42.80
￥456.49,"Trespassing Across America: One Man's Epic, Never-Done-Before (and Sort of Illegal) Hike Across the Heartland",£53.51
￥198.00,Three-Martini Lunch,£23.21
￥180.34,"Thinking, Fast and Slow",£21.14
￥478.33,The Wild Robot,£56.07
￥122.93,"The Wicked + The Divine, Vol. 3: Commercial Suicide (The Wicked + The Divine)",£14.41
￥390.29,The Undomestic Goddess,£45.75
￥134.53,The Travelers,£15.77
￥85.48,The Tipping Point: How Little Things Can Make a Big Difference,£10.02
￥416.05,The Thing About Jellyfish,£48.77
￥493.60,The Stand,£57.86
￥201.24,The Smitten Kitchen Cookbook,£23.59
￥196.64,The Silkworm (Cormoran Strike #2),£23.05
￥473.89,"The Sandman, Vol. 3: Dream Country (The Sandman (volumes) #3)",£55.55
￥500.25,The Rose & the Dagger (The Wrath and the Dawn #2),£58.64
￥198.00,The Road to Little Dribbling: Adventures of an American in Britain (Notes From a Small Island #2),£23.21
￥363.16,The Rise of Theodore Roosevelt (Theodore Roosevelt #1),£42.57
￥93.16,The Restaurant at the End of the Universe (Hitchhiker's Guide to the Galaxy #2),£10.92
￥296.62,The Rest Is Noise: Listening to the Twentieth Century,£34.77
￥304.21,The Red Tent,£35.66
￥317.26,The Purpose Driven Life: What on Earth Am I Here for?,£37.19
￥104.50,The Purest Hook (Second Circle Tattoos #3),£12.25
￥253.37,The Picture of Dorian Gray,£29.70
￥313.94,The Paris Wife,£36.80
￥387.56,The Obsession,£45.43
￥224.02,The Nightingale,£26.26
￥383.21,The New Guy (and Other Senior Year Distractions),£44.92
￥448.13,The Nanny Diaries (Nanny #1),£52.53
￥317.78,The Name of God is Mercy,£37.25
￥178.55,The Maze Runner (The Maze Runner #1),£20.93
￥495.56,The Lover's Dictionary,£58.09
￥371.86,The Lonely Ones,£43.59
￥289.37,The Lean Startup: How Today's Entrepreneurs Use Continuous Innovation to Create Radically Successful Businesses,£33.92
￥473.89,The Last Painting of Sara de Vos,£55.55
￥252.86,"The Land of 10,000 Madonnas",£29.64
￥233.83,The Infinities,£27.41
￥447.96,The Husband's Secret,£52.51
￥407.78,The Hitchhiker's Guide to the Galaxy (Hitchhiker's Guide to the Galaxy #1),£47.80
￥124.04,The Guns of August,£14.54
￥422.54,The Guernsey Literary and Potato Peel Pie Society,£49.53
￥371.78,The Goldfinch,£43.58
￥104.93,The Giver (The Giver Quartet #1),£12.30
￥422.02,The Girl with All the Gifts,£49.47
￥188.87,The Girl Who Played with Fire (Millennium Trilogy #2),£22.14
￥490.36,The Girl Who Kicked the Hornet's Nest (Millennium Trilogy #3),£57.48
￥370.67,The Exiled,£43.45
￥188.79,"The End of Faith: Religion, Terror, and the Future of Reason",£22.13
￥111.16,"The Elegant Universe: Superstrings, Hidden Dimensions, and the Quest for the Ultimate Theory",£13.03
￥489.25,"The Disappearing Spoon: And Other True Tales of Madness, Love, and the History of the World from the Periodic Table of the Elements",£57.35
￥377.83,The Devil Wears Prada (The Devil Wears Prada #1),£44.29
￥445.74,The Demon-Haunted World: Science as a Candle in the Dark,£52.25
￥224.62,The Day the Crayons Came Home (Crayons),£26.33
￥195.87,The Da Vinci Code (Robert Langdon #2),£22.96
￥163.88,The Cuckoo's Calling (Cormoran Strike #1),£19.21
￥228.46,The Complete Stories and Poems (The Works of Edgar Allan Poe [Cameo Edition]),£26.78
￥352.50,The Complete Poems,£41.32
￥209.43,The Catcher in the Rye,£24.55
￥138.71,The Cat in the Hat (Beginner Books B-1),£16.26
￥408.12,The Case for Christ (Cases for Christianity),£47.84
￥456.32,The Book Thief,£53.49
￥382.53,The Book of Basketball: The NBA According to The Sports Guy,£44.84
￥458.19,The Blind Side: Evolution of a Game,£53.71
￥199.88,The Autobiography of Malcolm X,£23.43
￥292.78,"The Art of Simple Food: Notes, Lessons, and Recipes from a Delicious Revolution",£34.32
￥188.53,The Art of Fielding,£22.10
￥220.35,"Surely You're Joking, Mr. Feynman!: Adventures of a Curious Character",£25.83
￥313.43,Stiff: The Curious Lives of Human Cadavers,£36.74
￥422.36,Spilled Milk: Based on a True Story,£49.51
￥417.67,Something Borrowed (Darcy & Rachel #1),£48.96
￥465.96,Something Blue (Darcy & Rachel #2),£54.62
￥210.88,Soldier (Talon #3),£24.72
￥396.26,Shopaholic & Baby (Shopaholic #5),£46.45
￥446.42,Seven Days in the Art World,£52.33
￥261.05,Seven Brief Lessons on Physics,£30.60
￥124.30,Scarlet (The Lunar Chronicles #2),£14.57
￥394.90,Sarah's Key,£46.29
￥184.01,"Saga, Volume 3 (Saga (Collected Editions) #3)",£21.57
￥110.13,Running with Scissors,£12.91
￥427.48,Rogue Lawyer (Rogue Lawyer #1),£50.11
￥355.48,"Rise of the Rocket Girls: The Women Who Propelled Us, from Missiles to the Moon to Mars",£41.67
￥382.87,Rework,£44.88
￥94.69,Reservations for Two,£11.10
￥243.47,Red: The True Story of Red Riding Hood,£28.54
￥162.68,Ready Player One,£19.07
￥371.52,Quiet: The Power of Introverts in a World That Can't Stop Talking,£43.55
￥372.20,Prodigy: The Graphic Novel (Legend: The Graphic Novel #2),£43.63
￥333.81,Persepolis: The Story of a Childhood (Persepolis #1-2),£39.13
￥483.53,Packing for Mars: The Curious Science of Life in the Void,£56.68
￥120.80,Outliers: The Story of Success,£14.16
￥268.30,Original Fake,£31.45
￥209.95,Orange Is the New Black,£24.61
￥280.41,One for the Money (Stephanie Plum #1),£32.87
￥342.69,Notes from a Small Island (Notes From a Small Island #1),£40.17
￥115.25,Night (The Night Trilogy #1),£13.51
￥332.28,Neither Here nor There: Travels in Europe,£38.95
￥270.34,Naked,£31.69
￥250.81,Morning Star (Red Rising #3),£29.40
￥493.34,"Miracles from Heaven: A Little Girl, Her Journey to Heaven, and Her Amazing Story of Healing",£57.83
￥473.12,Midnight Riot (Peter Grant/ Rivers of London - books #1),£55.46
￥491.38,Me Talk Pretty One Day,£57.60
￥298.41,Manuscript Found in Accra,£34.98
￥101.26,Lust & Wonder,£11.87
￥106.38,Lila (Gilead #3),£12.47
￥283.74,"Life, the Universe and Everything (Hitchhiker's Guide to the Galaxy #3)",£33.26
￥503.66,Life Without a Recipe,£59.04
￥222.91,Life After Life,£26.13
￥189.39,Letter to a Christian Nation,£22.20
￥384.83,Let's Pretend This Never Happened: A Mostly True Memoir,£45.11
￥372.72,Legend (Legend #1),£43.69
￥213.44,"Lean In: Women, Work, and the Will to Lead",£25.02
￥473.46,"Lamb: The Gospel According to Biff, Christ's Childhood Pal",£55.50
￥452.48,Lady Renegades (Rebel Belle #3),£53.04
￥383.63,Jurassic Park (Jurassic Park #1),£44.97
￥361.54,It's Never Too Late to Begin Again: Discovering Creativity and Meaning at Midlife and Beyond,£42.38
￥171.56,Is Everyone Hanging Out Without Me? (And Other Concerns),£20.11
￥483.70,Into the Wild,£56.70
￥349.77,Inferno (Robert Langdon #4),£41.00
￥246.12,"In the Garden of Beasts: Love, Terror, and an American Family in Hitler's Berlin",£28.85
￥426.29,If I Run (If I Run #1),£49.97
￥167.97,I've Got Your Number,£19.69
￥246.37,I Am Malala: The Girl Who Stood Up for Education and Was Shot by the Taliban,£28.88
￥282.71,Hungry Girl Clean & Hungry: Easy All-Natural Recipes for Healthy Eating in the Real World,£33.14
￥372.80,"House of Lost Worlds: Dinosaurs, Dynasties, and the Story of Life on Earth",£43.70
￥468.26,House of Leaves,£54.89
￥320.08,Horrible Bear!,£37.52
￥435.67,Holidays on Ice,£51.07
￥375.96,Heir to the Sky,£44.07
￥92.05,Green Eggs and Ham (Beginner Books B-16),£10.79
￥364.44,"Grayson, Vol 3: Nemesis (Grayson #3)",£42.72
￥227.43,Gratitude,£26.66
￥320.76,Gone Girl,£37.60
￥360.09,Golden (Heart of Dread #3),£42.21
￥399.50,Girl in the Blue Coat,£46.83
￥385.34,"Fruits Basket, Vol. 3 (Fruits Basket #3)",£45.17
￥436.95,"Friday Night Lights: A Town, a Team, and a Dream",£51.22
￥181.54,Fire Bound (Sea Haven/Sisters of the Heart #5),£21.28
￥131.03,Fifty Shades Freed (Fifty Shades #3),£15.36
￥329.46,Fellside,£38.62
￥216.68,Extreme Prey (Lucas Davenport #26),£25.40
￥374.25,Eragon (The Inheritance Cycle #1),£43.87
￥159.87,Eclipse (Twilight #3),£18.74
￥468.01,Dune (Dune #1),£54.86
￥448.90,Dracula,£52.62
￥439.17,Do Androids Dream of Electric Sheep? (Blade Runner #1),£51.48
￥130.35,Disrupted: My Misadventure in the Start-Up Bubble,£15.28
￥334.75,Dead Wake: The Last Crossing of the Lusitania,£39.24
￥151.94,"David and Goliath: Underdogs, Misfits, and the Art of Battling Giants",£17.81
￥477.90,Darkfever (Fever #1),£56.02
￥203.89,Dark Places,£23.90
￥419.12,Crazy Rich Asians (Crazy Rich Asians #1),£49.13
￥90.60,Counting Thyme,£10.62
￥308.56,Cosmos,£36.17
￥511.43,Civilization and Its Discontents,£59.95
￥222.57,Cinder (The Lunar Chronicles #1),£26.09
￥318.63,Catastrophic Happiness: Finding Joy in Childhood's Messy Years,£37.35
￥210.88,Career of Evil (Cormoran Strike #3),£24.72
￥300.97,Breaking Dawn (Twilight #4),£35.28
￥437.81,Brave Enough,£51.32
￥180.17,Boy Meets Boy,£21.12
￥233.32,"Born to Run: A Hidden Tribe, Superathletes, and the Greatest Race the World Has Never Seen",£27.35
￥185.46,Blink: The Power of Thinking Without Thinking,£21.74
￥348.66,Black Flags: The Rise of ISIS,£40.87
￥420.66,"Black Butler, Vol. 1 (Black Butler #1)",£49.31
￥188.62,Big Little Lies,£22.11
￥177.36,Between Shades of Gray,£20.79
￥233.83,Best of My Love (Fool's Gold #20),£27.41
￥327.16,Beowulf,£38.35
￥183.84,Beautiful Creatures (Caster Chronicles #1),£21.55
￥324.34,Awkward,£38.02
￥188.19,Ash,£22.06
￥90.94,Are We There Yet?,£10.66
￥482.68,Are We Smart Enough to Know How Smart Animals Are?,£56.58
￥314.19,Annie on My Mind,£36.83
￥298.67,And Then There Were None,£35.01
￥260.02,A Walk in the Woods: Rediscovering America on the Appalachian Trail,£30.48
￥120.12,A Visit from the Goon Squad,£14.08
￥266.33,A Storm of Swords (A Song of Ice and Fire #3),£31.22
￥463.14,A Heartbreaking Work of Staggering Genius,£54.29
￥264.80,8 Keys to Mental Health Through Exercise,£31.04
￥434.73,#GIRLBOSS,£50.96
￥101.43,"The Suffragettes (Little Black Classics, #96)",£11.89
￥267.70,The Sense of an Ending,£31.38
￥467.58,"The Sandman, Vol. 2: The Doll's House (The Sandman (volumes) #2)",£54.81
￥143.15,The Course of Love,£16.78
￥208.32,Sugar Rush (Offensive Line #2),£24.42
￥100.24,"Saga, Volume 2 (Saga (Collected Editions) #2)",£11.75
￥170.79,"Run, Spot, Run: The Ethics of Keeping Pets",£20.02
￥109.71,New Moon (Twilight #2),£12.86
￥269.41,Life,£31.58
￥290.05,Kindle Paperwhite User's Guide,£34.00
￥489.84,H is for Hawk,£57.42
￥456.15,Girl Online On Tour (Girl Online #2),£53.47
￥99.30,"Fruits Basket, Vol. 2 (Fruits Basket #2)",£11.64
￥451.11,Diary of a Minecraft Zombie Book 1: A Scare of a Dare (An Unofficial Minecraft Book),£52.88
￥157.91,"Y: The Last Man, Vol. 1: Unmanned (Y: The Last Man #1)",£18.51
￥352.50,While You Were Mine,£41.32
￥339.27,Where Lightning Strikes (Bleeding Stars #3),£39.77
￥443.27,When I'm Gone,£51.96
￥337.06,Ways of Seeing,£39.51
￥131.38,"Vampire Knight, Vol. 1 (Vampire Knight #1)",£15.40
￥459.13,Vampire Girl (Vampire Girl #1),£53.82
￥264.03,Twenty Love Poems and a Song of Despair,£30.95
￥493.26,Travels with Charley: In Search of America,£57.82
￥376.90,Three Wishes (River of Time: California #1),£44.18
￥415.54,This One Moment (Pushing Limits #1),£48.71
￥167.97,The Zombie Room,£19.69
￥311.55,"The Wicked + The Divine, Vol. 1: The Faust Act (The Wicked + The Divine)",£36.52
￥354.54,The Tumor,£41.56
￥368.45,The Story of Hong Gildong,£43.19
￥105.27,The Silent Wife,£12.34
￥309.25,The Silent Twin (Detective Jennifer Knight #3),£36.25
￥251.24,The Selfish Gene,£29.45
￥294.83,The Secret Healer,£34.56
￥461.69,"The Sandman, Vol. 1: Preludes and Nocturnes (The Sandman (volumes) #1)",£54.12
￥288.17,The Republic,£33.78
￥252.86,The Odyssey,£29.64
￥492.23,The No. 1 Ladies' Detective Agency (No. 1 Ladies' Detective Agency #1),£57.70
￥310.01,The Nicomachean Ethics,£36.34
￥431.58,The Name of the Wind (The Kingkiller Chronicle #1),£50.59
￥250.64,The Mirror & the Maze (The Wrath and the Dawn #1.5),£29.38
￥387.47,The Little Prince,£45.42
￥464.34,The Light of the Fireflies,£54.43
￥309.33,The Last Girl (The Dominion Trilogy #1),£36.26
￥137.86,The Iliad,£16.16
￥309.59,The Hook Up (Game On #1),£36.29
￥237.93,The Haters,£27.89
￥104.84,The Girl You Lost,£12.29
￥135.21,The Girl In The Ice (DCI Erika Foster #1),£15.85
￥122.84,The End of the Jesus Era (An Investigation #1),£14.40
￥163.62,The Edge of Reason (Bridget Jones #2),£19.18
￥90.77,The Complete Maus (Maus #1-2),£10.64
￥125.92,The Communist Manifesto,£14.76
￥490.44,The Bhagavad Gita,£57.49
￥261.56,The Bette Davis Club,£30.66
￥348.32,The Art of Not Breathing,£40.83
￥161.06,Taking Shots (Assassins #1),£18.88
￥220.35,Starlark,£25.83
￥359.32,"Skip Beat!, Vol. 01 (Skip Beat! #1)",£42.12
￥113.72,Sister Sable (The Mad Queen #1),£13.33
￥361.71,Shatter Me (Shatter Me #1),£42.40
￥497.78,Shameless,£58.35
￥185.29,Shadow Rites (Jane Yellowrock #10),£21.72
￥383.12,Settling the Score (The Summer Games #1),£44.91
￥319.57,Sense and Sensibility,£37.46
￥242.96,"Saga, Volume 1 (Saga (Collected Editions) #1)",£28.48
￥241.77,"Rhythm, Chord & Malykhin",£28.34
￥400.61,"Rat Queens, Vol. 1: Sass & Sorcery (Rat Queens (Collected Editions) #1-5)",£46.96
￥212.93,Paradise Lost (Paradise #1),£24.96
￥185.21,"Paper Girls, Vol. 1 (Paper Girls #1-5)",£21.71
￥254.82,"Ouran High School Host Club, Vol. 1 (Ouran High School Host Club #1)",£29.87
￥247.31,Origins (Alphas 0.5),£28.99
￥451.63,One Second (Seven #7),£52.94
￥276.06,On the Road (Duluoz Legend),£32.36
￥474.83,Old Records Never Die: One Man's Quest for His Vinyl and His Past,£55.66
￥336.54,Off Sides (Off #1),£39.45
￥401.89,Of Mice and Men,£47.11
￥501.19,Myriad (Prentor #1),£58.75
￥332.02,My Perfect Mistake (Over the Top #1),£38.92
￥336.03,"Ms. Marvel, Vol. 1: No Normal (Ms. Marvel (2014-2015) #1)",£39.39
￥220.87,Meditations,£25.89
￥241.77,Matilda,£28.34
￥236.31,Lost Among the Living,£27.70
￥212.33,Lord of the Flies,£24.89
￥503.24,Listen to Me (Fusion #1),£58.99
￥487.97,Kitchens of the Great Midwest,£57.20
￥327.84,Jane Eyre,£38.43
￥296.36,Imperfect Harmony,£34.74
￥344.99,Icing (Aces Hockey #2),£40.44
￥385.94,"Hawkeye, Vol. 1: My Life as a Weapon (Hawkeye #1)",£45.24
￥298.24,Having the Barbarian's Baby (Ice Planet Barbarians #7.5),£34.96
￥484.21,"Giant Days, Vol. 1 (Giant Days #1-4)",£56.76
￥343.62,"Fruits Basket, Vol. 1 (Fruits Basket #1)",£40.28
￥324.17,Frankenstein,£38.00
￥245.69,Forever Rockers (The Rocker #12),£28.80
￥334.75,Fighting Fate (Fighting #6),£39.24
￥280.92,Emma,£32.93
￥437.81,"Eat, Pray, Love",£51.32
￥401.72,Deep Under (Walker Security #1),£47.09
￥242.45,Choosing Our Religion: The Spiritual Lives of America's Nones,£28.42
￥194.93,Charlie and the Chocolate Factory (Charlie Bucket #1),£22.85
￥351.81,Charity's Cross (Charles Towne Belles #4),£41.24
￥333.30,Bright Lines,£39.07
￥254.39,Bridget Jones's Diary (Bridget Jones #1),£29.82
￥317.86,Bounty (Colorado Mountain #7),£37.26
￥173.18,Blood Defense (Samantha Brinkman #1),£20.30
￥295.60,"Bleach, Vol. 1: Strawberry and the Soul Reapers (Bleach #1)",£34.65
￥370.07,Beyond Good and Evil,£43.38
￥473.72,Alice in Wonderland (Alice's Adventures in Wonderland #1),£55.53
￥486.77,"Ajin: Demi-Human, Volume 1 (Ajin: Demi-Human #1)",£57.06
￥144.77,A Spy's Devotion (The Regency Spies of London #1),£16.97
￥460.50,1st to Die (Women's Murder Club #1),£53.98
￥222.49,"1,000 Places to See Before You Die",£26.08
